CustomerID,CustomerName,ContactName,Address,Phone,Email
1,Pace Group,Elizabeth Washington,"52978 Suzanne Greens Suite 432
West Branditon, OR 63713",(810)876-4029,mercadosteven@example.org
2,Jackson-Morrow,James Lawson,"57510 Murray Glens Apt. 737
West Kimberly, IN 16397",(767)929-2664x8490,tina94@example.org
3,"Henry, Rodriguez and Hunt",Kevin Conner,"PSC 9356, Box 4478
APO AA 13109",(748)837-3439,richardsmith@example.com
4,Moore-Garner,Michelle Melendez,"565 Estrada Plain
Angelafurt, PR 49161",607.239.2062x53530,andrewjenkins@example.net
5,Miller-Delacruz,Christine Franklin,"631 Yvonne Lake Apt. 282
East Nathanielmouth, MI 57577",600.696.8041,pagerachel@example.net
6,Miller Inc,David Fox,"403 Thomas Lane Suite 898
New Jennifer, WV 18633",+1-902-910-3050,pettyleslie@example.org
7,"Garza, Moore and Cox",Steven Perry,"26628 Bennett Throughway Suite 840
Port Brandyfort, WY 52967",3546432573,leenatalie@example.net
8,Ross Inc,Sean Vega,"1125 Carter Camp Suite 599
Victoriaberg, FL 80844",303-336-1199x5173,wbond@example.net
9,Patrick-Holder,Joshua Miller,"PSC 9724, Box 7307
APO AP 28122",(217)377-1801x71889,heather13@example.net
10,Cook-Mueller,Michael Jackson,"309 Samuel Turnpike Apt. 470
New Brandonfort, OR 49514",503.996.5266x3369,isaiah04@example.org
11,Austin PLC,Nichole Roberts,"36836 Robert Village
Abigailfort, NH 94801",(243)497-8261,courtneysmith@example.com
12,Underwood-Ward,Dustin Herring,"199 Duane Spring
Stantonland, IN 95995",(427)614-2322x3398,ruthallen@example.org
13,Nelson-Suarez,Sally Patrick,"13138 Parrish Row
Kellyland, MS 54535",001-544-450-6834x0163,julie08@example.com
14,Reeves LLC,Ronald Cabrera,"124 Jones Loaf Suite 260
Michaelton, IN 82953",740-367-7735x828,mooredawn@example.com
15,Allison LLC,Eric Sullivan,"9409 Yates Roads Suite 375
Hubbardborough, GU 12977",(452)277-8968,brittanygraham@example.org
16,Kelley PLC,Karen Rogers,"386 Brown Stream Suite 516
South Anna, FL 68412",709.879.3951x60540,vincentfitzgerald@example.com
17,Jackson Inc,Jerry Lopez,"580 Jacob Union
Ashleychester, FL 96333",399.868.4464,caseyrodriguez@example.com
18,Hoffman and Sons,Richard Taylor,"8692 Elizabeth Road
Lake Kimberlyfurt, ME 68007",604-405-7965x1850,jonesamanda@example.org
19,King-Bailey,Jordan Walker,"PSC 3093, Box 8013
APO AE 39044",(429)858-8984x4495,royflores@example.com
20,Allison-Luna,Rachel Anderson,"387 Brenda Square Apt. 121
North Megan, OH 06124",232-699-5668x413,johnsonbrianna@example.com
21,Smith Group,Deborah Griffin,"99152 Riley Land Apt. 092
Perezchester, SC 32574",+1-332-472-4421x452,sabbott@example.com
22,Hernandez-Ingram,Michael Perkins,"875 Browning Mount
Collinsport, AL 65523",(922)924-3324,mmahoney@example.net
23,"Richards, Jackson and Davis",Darin Thomas,"10210 Samantha Burg
Tiffanyfurt, MO 55050",(374)537-6103x226,gallagherrussell@example.com
24,Alexander LLC,Allison Norman,"Unit 7090 Box 9126
DPO AP 73301",7514067774,hharrell@example.org
25,"Beltran, Rodriguez and Johnson",Nicholas Maldonado,"46368 Laurie Squares
Lake Lisahaven, ND 90274",877.503.5548,sarahgilbert@example.org
26,Dominguez and Sons,Elizabeth Jefferson,"03960 Aaron Plains
Jamesmouth, PA 76852",568.269.2224,tuckermichael@example.net
27,Carroll-Kaiser,Barbara Moore,"60665 Harry Island
South Sarah, NC 70435",940-554-5736x2605,obecker@example.org
28,Murray Inc,Ashley Marshall,"45489 Kelly Park
Nguyenborough, AK 61829",660.334.5451,daleowens@example.com
29,Mitchell-Hernandez,Jeffrey Payne,"PSC 9658, Box 3693
APO AE 04450",399.575.7498x82053,nglass@example.com
30,"Carlson, Jones and Kirk",Jason Bryant,"08159 Madison Orchard Suite 702
Devinburgh, MH 77850",+1-887-488-4983x582,julia96@example.net
31,"Brown, Garcia and Olson",Jesse Bender,"34250 Darryl Ports
New Robertport, SC 59410",635-512-7361x947,jamesperez@example.org
32,"Chen, Lucas and Hill",Melanie Davies,"7185 Megan Dam Suite 013
Duffyshire, PW 97404",381-449-0512x355,danielbarnes@example.com
33,Martinez-Wilkins,Natasha Smith,"319 Keith Lane Suite 528
Lake Colleen, VA 49954",312.873.3979x29276,hollandrenee@example.net
34,Sosa-Harvey,Antonio Smith,"977 Parsons Meadow
South Kaylabury, SC 62960",924.772.2622,fburns@example.net
35,"Martin, Nelson and Williams",Jeffrey Ramirez,"60552 Simmons Meadow
Smithton, WI 57412",(220)761-5017,stephanie42@example.org
36,Bullock-Larsen,Jay Martinez,"6025 Ashley Shores
Mendezview, AS 72066",2858461613,glopez@example.org
37,Taylor-Rasmussen,Sabrina Harrell,"809 Reilly Inlet Suite 510
Taylorshire, CA 75996",257-226-6009x9864,palmergregory@example.org
38,"Harvey, Robinson and Peterson",Stephen Dunn,"8886 Mark Parks
Maryburgh, KY 61017",519.217.4216x79060,sabrina07@example.org
39,"Phelps, Brown and Golden",Angela Baker,"8436 Rachel Forks Suite 461
South Gregorymouth, NY 12674",9663808735,chapmandouglas@example.org
40,Abbott-Francis,Phillip Zuniga,"07491 Miller Pines
Lake Andrew, TN 93204",(830)255-4770x229,johndawson@example.com
41,"Rasmussen, Warner and Ramirez",Allison Wu,"75089 Blackwell Rue Apt. 378
South Veronicamouth, NV 78642",9887265620,zpowers@example.net
42,Combs-Porter,John Clark,"89571 Jonathon Hill Suite 235
South Taylor, FL 56409",001-865-712-6459,carrollkyle@example.org
43,"Rivera, Cunningham and Brown",Michael Dennis,"831 Mallory Mountain Apt. 652
Mooreburgh, NM 20837",(247)500-4075x12108,tamarabuckley@example.org
44,Cooper PLC,Amber Kirby,"157 Jennifer Shore
Edwardston, HI 13950",001-444-976-1564x30065,liuamber@example.org
45,Hicks and Sons,Jason Newton,"736 William Shore Suite 833
Lake Drew, SD 44912",469.849.6337x9531,patrick91@example.org
46,"Green, Martinez and Gregory",Jonathan Nguyen,"1270 Matthew Hills Suite 348
New Matthewchester, NC 65887",001-716-487-6813,brianthompson@example.net
47,Ortiz-Gray,Scott Parker,"94501 Hayes Ranch
South Elaine, OR 86919",710-544-0704,thomas76@example.net
48,Hamilton and Sons,Scott Smith,"3780 Rice Terrace
North Lorifort, KS 21246",+1-717-512-2637,seanstevenson@example.com
49,"West, Johnson and Phillips",Rita Robles,"6866 Joseph Passage
Port Timothychester, MS 07208",001-589-875-9697x1685,heather42@example.net
50,"Gonzalez, Jordan and Christian",Mr. Edward Jones,"83187 Martinez Mission
Kevinview, MT 92919",(544)645-4329,mccoyjulie@example.org
51,"Yu, Taylor and Phillips",Jason Brown,"1810 Kelley Falls Apt. 336
New Derek, NY 60128",(765)210-2844,xbrown@example.com
52,Perez-Mcguire,Christopher Gomez,"551 Wright Fork
South Dwayne, SC 96224",(631)842-1920,horntyler@example.com
53,Tucker and Sons,Cody Osborn,"32604 Barbara Knoll Apt. 647
South Elizabethport, DE 32917",991.509.1985x49359,rose25@example.org
54,"Chapman, Ross and Frank",Tony Gonzalez,"5207 Ferguson Squares
Smithville, OH 49795",946.868.6528x8122,nicholas68@example.org
55,Diaz Ltd,Sarah Aguilar MD,"81342 Wade Plain Suite 823
West Josephville, SC 30645",899-306-3235x088,tommycox@example.org
56,Spence-Washington,Brianna Harvey,"591 Davenport Course
Rodriguezburgh, OK 42959",437.486.9334x592,george58@example.net
57,Cook-Reed,Christopher Skinner,"866 Sean Crossroad
Heatherberg, AK 72802",001-616-664-7040x787,hoffmankyle@example.com
58,Becker Inc,Christine Hunter,"77496 Ramos Keys Apt. 419
North Michaelmouth, DE 53742",001-476-342-4552,pshannon@example.org
59,Johnson-Jacobs,Darius Howard,"92125 Jamie Union Apt. 936
Lindabury, ID 91309",433-723-6988x344,karenmercado@example.org
60,Jimenez Group,Jennifer Carpenter,"30472 Daniel Mountain
Rasmussenchester, NV 78343",001-228-342-5493,taylor41@example.com
61,"Castro, Stewart and Wilson",Kimberly Sutton,"77228 Bell Island Apt. 066
Walkerville, PW 10471",001-204-248-6819x77848,matthewbaker@example.com
62,Sparks Inc,William Sims,"66965 Ryan Coves Apt. 870
North Joseland, AR 57757",(339)682-8602x44568,heathersilva@example.org
63,"Stevens, Kramer and Ray",Andrea Ryan,"28547 Michael Summit Apt. 701
Shellyberg, WI 98108",444.569.6455,dgarcia@example.org
64,"Jones, Scott and Nixon",Judith Riley,"Unit 2958 Box 3237
DPO AA 23124",+1-903-975-7732x3950,selena32@example.com
65,"Lopez, Ross and Martin",Kelly Flores,"099 Wilson Manors Apt. 053
Josephborough, IN 62328",(792)648-7860x98659,monica59@example.net
66,Stokes LLC,Antonio Moreno,"30603 Powers Shoals Suite 923
Jenniferfurt, NJ 57133",319.651.0687,michellehartman@example.net
67,Horn-Davis,Spencer Pena,"PSC 0295, Box 2063
APO AP 51230",001-904-766-6985x4776,kimberlyschmidt@example.net
68,"Johnson, Wilson and Shepherd",Kimberly Howard,"3653 Matthew Isle Suite 349
West Jessicaberg, NM 04033",5447472111,morgandawson@example.net
69,Caldwell-Bradley,Kimberly Brown,"49155 Joseph Lodge Suite 302
Karenport, MN 10973",516-912-9153x430,sierrastewart@example.org
70,Wright-Huff,Ryan Gardner,"924 Dennis Court
Kristenstad, ND 92170",490-215-0656x2796,richard64@example.net
71,"Jones, Solis and Marks",Edwin Yates,"3354 Burns Harbor Apt. 284
Grantport, AZ 44198",(459)801-8329x3983,charlesjenna@example.net
72,Potts-Blankenship,Perry Garcia,"15923 Anita Haven Suite 196
New John, GU 69563",(234)904-2188x947,brianna78@example.com
73,Collins-Cox,Adrian Fletcher,"5571 Kirk Freeway Apt. 594
South Paulatown, KS 75683",(310)223-6074x8213,michaelflores@example.org
74,"Hicks, Ross and Morse",Tristan Marshall,"243 John Valley Apt. 133
South John, ME 35249",532-497-0992,justindavis@example.com
75,Mejia-Archer,Jacqueline Cannon,"504 Lisa Shoals
North Ryan, FM 23553",001-695-850-9265x46584,johnavila@example.com
76,Briggs-Clark,Richard Wood,"9256 Santana Expressway
New Raymondstad, PW 03122",(298)547-9161,scott54@example.com
77,Davis Inc,Christina Boyd,"2642 Ibarra Isle
North Natalie, AK 43689",936.986.9575x32991,marksmith@example.net
78,Hernandez-Williamson,William Perez,"Unit 1325 Box 7166
DPO AA 60019",+1-577-897-6491x8620,mariovelasquez@example.com
79,May-Johnson,Vanessa Jackson,"587 Boyd Plain
New Kristina, WV 20319",001-835-706-8173x505,rrodriguez@example.org
80,"Evans, Ingram and Jackson",Amy Pruitt,"021 Brenda Manor Apt. 975
Powellmouth, MO 48345",001-766-333-9226x68286,mortonkevin@example.org
81,Carson PLC,Robert Robinson,"5525 Simpson Way
Barneshaven, NJ 97777",(281)449-6348,thomasjustin@example.com
82,"Wright, Potter and Martinez",Cynthia Phillips,"289 Hall Lane Suite 318
Mccoyside, OH 71996",3582895139,rcarroll@example.org
83,"Stout, Smith and Klein",Patrick Summers,"53442 Tyler Branch Apt. 120
Gregoryfurt, PW 04521",252.926.5281x6970,brittany26@example.org
84,Horn-Jones,Heather Reese,"641 Pacheco Village
Davidside, MT 03126",001-980-558-8220x715,torresadam@example.com
85,"Ford, Strickland and Miller",Brett Simon,"16445 Alexandra Corners Apt. 451
Angelamouth, SC 06896",(235)782-5481x8902,agonzalez@example.com
86,Knight-Miller,Sarah Clark,"5084 Reed Square Apt. 894
Millermouth, OH 65511",001-361-230-2984x53284,woodedward@example.org
87,Ellis-Paul,Melanie Trevino,"127 Harris Plain Apt. 786
North Kristenborough, AL 03486",536-958-6993x9144,kaylajensen@example.org
88,Jackson LLC,Donald Forbes,"6366 Jessica Parkway
Macdonaldtown, SC 41668",303-875-5003x14666,james31@example.net
89,Marks PLC,Leslie Beasley,"408 Wilson Islands
Patriciaside, KS 94761",6188646314,johnstonlisa@example.org
90,"Todd, Allen and Brown",Sabrina Lawson,"8322 Velasquez Forge Suite 771
New Tammy, UT 47731",001-577-960-8946x355,xking@example.com
91,Snow Ltd,Morgan Jacobson,"005 Dawn Valley Apt. 450
Johnton, WV 81564",949.588.7779x7063,hlarson@example.org
92,Huff Group,Cameron Lewis,"8387 Nunez Turnpike
Christopherbury, TN 93851",910.292.4298x1069,carmenmorgan@example.com
93,Stout PLC,Benjamin Moore,"134 Rebecca Parkways Apt. 199
South Jenniferview, MD 49441",001-563-922-8145x0057,nicolebrown@example.net
94,Davis-Hayes,Adam Cantrell,"241 Evans Heights Suite 145
Smithberg, AL 80928",+1-694-595-8589,walkerisaac@example.org
95,Blackburn-Lopez,Heather Bentley,"3277 Berg Dam
Smithmouth, NC 71848",001-361-226-4752,espinozascott@example.com
96,Thomas-Watts,Nicholas Wang,"906 Moore Mall
West Brandonside, ME 20175",+1-204-741-7382x5471,fnorris@example.org
97,Smith-Robinson,Michelle Collins,"0357 Joshua Trail
Lake Davidchester, MD 01621",568-773-2788x6134,sharon70@example.org
98,Perez-Riley,Jacob Stanley,"1969 Hoffman Rest
North Daniel, MS 82218",3845810618,keithbrown@example.org
99,"Buchanan, Marks and Thompson",John Edwards,"415 Richard Run Suite 981
Jasmineberg, RI 89288",001-836-728-2704x377,dpeterson@example.com
100,Smith-Andrade,Andrew Williamson,"11140 Karen Mills Suite 932
Lake Stephaniefurt, AK 46648",001-369-690-6621x10277,iclark@example.org
101,"Cooke, Watkins and Walters",Clinton Bullock,"89094 James Fields
Katiefurt, IL 85791",8957900088,jonesashley@example.com
102,Barnes Inc,David Lopez,"4067 Brown Glens
North Pamelaport, KS 99406",374.698.0485x5180,lterry@example.com
103,"Thompson, Wagner and Williamson",Donald Patterson,"4047 Acosta Lock Apt. 500
Newtonport, PW 82487",610.404.8440x0417,cmata@example.com
104,Spencer Ltd,Patricia Smith,"Unit 0607 Box 5836
DPO AP 65397",894.839.0613x2426,shaney@example.com
105,Higgins-Beck,Courtney Kerr,"593 Anderson Locks
North Paul, PA 72437",635.258.7451x8594,carlos38@example.com
106,"Hopkins, Dunlap and Spencer",Daryl Franklin MD,"19038 Oneill Mews
South Scottchester, WI 78489",291.767.4917x927,joseortega@example.org
107,Allen Ltd,Donna Gardner,"39838 Deleon Lodge Suite 889
Port Kimberlymouth, DC 14466",(401)588-0381x81847,whitemichael@example.org
108,Hall-Villanueva,Richard Reed,"6768 Williams Lock
Robertburgh, DE 80804",751-945-2036x470,wcruz@example.com
109,Adams Group,Jordan Smith,"6607 Schroeder Isle Apt. 678
Burtonhaven, MI 42908",335-709-4660,jkirk@example.com
110,"Villa, Peters and Morgan",James Williams,"771 Randy Mountain Apt. 968
Pooletown, IA 81105",500-947-8148x8416,shannonbowen@example.com
111,Wheeler-Phillips,Jeremy Brock,"057 Jacob Cliffs Apt. 521
North April, SD 27177",9483040466,emily17@example.org
112,Johnson LLC,Robert Trujillo,"1394 Nathan Views Suite 112
West Jacobton, KS 79551",788.697.4324,kevin37@example.net
113,Figueroa Group,Rebecca Buchanan,"286 Jeffrey Junction
Amyside, WI 75170",(816)754-3591x235,diaztony@example.com
114,"Dominguez, Rodriguez and Rogers",Bradley James,"26685 Gould Mission
New Tonyaton, TN 21171",468.972.0542,gordonseth@example.org
115,Moore-Moore,Kelly Dominguez,"520 Lester Parkways Suite 740
Masonhaven, AR 01065",(505)557-0948,masseymark@example.net
116,Morris-White,Casey Foster,"USNV Brown
FPO AP 31304",+1-201-910-1197x10956,christy81@example.net
117,Perez Inc,Kathleen Silva,"159 Cooper Cliff Apt. 047
Robertton, PR 76876",852-446-5434x92030,harrisonmartin@example.com
118,Thompson PLC,Randall Jones,"54802 Melanie Island Suite 036
Lake Rebecca, WI 36307",(228)843-7147x203,kingwilliam@example.com
119,Lopez-Porter,Douglas Pearson,"830 Lee Isle
South Victorialand, MD 35059",+1-500-959-8935x2549,justinwatkins@example.org
120,Oliver-Mccullough,Robert Salazar,"USS Stephens
FPO AA 87084",(382)945-7113x276,dustin28@example.org
121,Vargas Ltd,Suzanne Lara,"6305 Craig Lane
Reginaborough, DC 13162",(495)597-8644,bradley25@example.com
122,"Gonzalez, Eaton and Simmons",Carlos Schultz,"483 Wells Club Apt. 550
Michaelbury, AL 85346",292.935.7871x621,eric80@example.org
123,Watts PLC,Christopher Ryan,"194 Aaron Prairie
Andrewside, RI 61016",970-762-5166,brownlindsey@example.com
124,"Reyes, White and Leon",Sarah Jones,"13842 Jones Track
Brittanyville, SD 71755",7549016865,sarah70@example.org
125,Palmer Inc,Steven Horne DVM,"USS Phillips
FPO AP 66874",9217805236,youngmegan@example.net
126,Galvan-Scott,Brenda Thomas,"11885 Young Courts Suite 570
Charlesside, NE 65402",782-846-3358x74764,yvonne66@example.com
127,Perry Ltd,Laura Lewis,"2649 Murillo Canyon
New Joannfort, HI 24555",510-405-4418x72239,cynthiafrey@example.com
128,"Howard, Alvarado and Morris",Holly Crane,"126 Jason Trafficway
Patrickport, NE 63299",916.935.5191x7383,mariagray@example.com
129,"Hoffman, Williams and Graves",Jordan Williams,"27235 Gregory Crossroad
Vanessaburgh, HI 13669",938-476-2074,jennifer32@example.org
130,Golden-Wong,Michael Steele,"469 Heather Vista
Allenburgh, WY 63488",+1-794-303-6781,williamhall@example.net
131,Duncan LLC,Robert Barton,"8869 Robert Run Apt. 267
East Robert, PW 54771",(563)398-7500x320,zallen@example.com
132,"Gibson, Barton and Lee",Michelle Harper,"09014 Oscar Branch
Morganmouth, WV 23629",+1-988-614-8858x751,operez@example.net
133,Sharp-Townsend,Mark Harmon,"9196 Jeremy Summit Apt. 733
Romerobury, NE 32197",+1-892-736-9757x508,robertvargas@example.net
134,Carney-Miller,William Taylor,"681 Stewart Mill
Jonesstad, NE 07854",001-327-796-7781x339,gramos@example.com
135,Rodriguez-Walker,Lisa Marshall,"04529 Kelly Rapid
Lake Joshua, ID 85532",+1-275-594-2244x466,uhart@example.net
136,Santos-Noble,Ian Jackson,"PSC 3080, Box 1029
APO AE 82088",284.518.9749x33044,micheal51@example.com
137,Lopez-Cisneros,Angela Carlson,"4587 Aguilar Road Suite 511
Port Jonathanborough, MS 27226",621.210.4221,elizabethcalderon@example.net
138,Hutchinson LLC,Michael Little,"485 Jackson Islands Suite 470
Williamsmouth, ME 29651",(262)879-8826x007,kylewilson@example.com
139,Blair-Maldonado,Nancy Cummings,"44872 Cindy River Apt. 889
North Pamelaburgh, WV 46250",719-416-8515x909,nicolewade@example.net
140,"Andrade, Gregory and Rodriguez",Jennifer Taylor,"1832 Hudson Fields
Lake Kendrafort, GU 82278",682.893.1688,imayo@example.com
141,Hill-Walter,Michelle Nguyen,"269 Mark Loop Apt. 662
West Lisa, PR 13886",893.798.6753,popelisa@example.net
142,Barnett-Carrillo,Ian Burke,"366 Jones Manor Apt. 924
Amychester, ID 65620",5436345658,sholden@example.net
143,"Cameron, Weeks and Michael",Michelle Smith,"728 Riley Keys
East Lisaside, AR 21864",823-646-6585x745,keithsmith@example.org
144,"Beck, Riggs and Castro",Brandi Wright,"695 Jimenez Well Apt. 192
Michelleville, SC 21587",001-564-224-9711x006,deborahthompson@example.com
145,Collins-Foster,Denise Gordon,"26603 Heath Ridges Apt. 914
Lake Jacob, WY 45068",617.327.4488,christina91@example.org
146,Mckinney-Clarke,Lisa Ramirez,"0952 Mason Villages
West Brandon, NH 31282",5168902162,hunterconway@example.net
147,Shah-Lewis,Michele Morrison,"Unit 1827 Box 9624
DPO AA 89717",001-540-341-4764,andersoncynthia@example.com
148,"Graham, Anderson and Hughes",Douglas Hall,"074 Williams Meadow
New Paulatown, SC 66325",758.394.4384,eric80@example.org
149,Long-Garcia,Omar Massey,"61816 Brian Loaf Apt. 599
New George, PW 69684",352-849-3574x8412,frederickjessica@example.org
150,"Fowler, Miranda and Hunt",Brittany Garrett,"814 Robinson Mountains Apt. 476
Lake Joshua, NM 89566",+1-487-954-1580x415,martha50@example.com
151,"Robles, Evans and Galvan",Michelle Nelson,"26455 Miller Island
Javierland, MD 24396",207-674-3041,phansen@example.org
152,Smith-Rodriguez,Robert Bird,"USS Moody
FPO AA 36316",7495486499,nicholstristan@example.net
153,Williams PLC,Dawn Smith,"USNS Morris
FPO AP 89356",+1-616-566-3760x872,angela15@example.org
154,"Erickson, Smith and Allen",Kristi Mcbride,"0366 Hannah Viaduct
North Dawnborough, HI 61019",(360)211-8050,hcraig@example.net
155,Taylor and Sons,Diana Baldwin,"254 Weaver Circles
Katelynville, OH 23333",384-821-5152,jeffreypeters@example.org
156,"Yang, Jennings and Shaw",Gail Washington,"93806 Devon Canyon Suite 356
Lake Carolyn, IN 13315",896.241.4171x711,frederickgreen@example.com
157,Medina Group,Justin Vazquez,"33951 Michael Corner Apt. 344
Michaeltown, AK 50098",374-900-3677,scott37@example.org
158,"Wilson, Bowen and Jenkins",Ernest Sanchez,"94283 Larry Circle Suite 884
East Martinton, UT 92753",001-235-886-0077x1397,carlosmorris@example.org
159,Gilmore Inc,Robert Townsend,"827 Andrew Underpass
Karenfort, OK 51600",001-746-224-2887x784,stephanieholt@example.org
160,Glenn Inc,Kimberly Haynes,"7097 Jeffery Mall
New Adam, KS 02599",334-513-5979x4768,shaunarmstrong@example.net
161,Rush-Pope,Mr. Jason Shaw,"786 Joseph Prairie Apt. 766
Lake Christianberg, IL 08107",710.241.4568x228,williamstina@example.net
162,"Bautista, Medina and Leonard",David Gilmore,"8697 Elizabeth Meadow Suite 768
New Krystalside, ME 04663",(288)590-1917x6569,ehuynh@example.net
163,Keller-Dean,William Ruiz,"4555 Pierce Manors Apt. 984
Morganland, GU 95373",666.246.1593,ellisbryan@example.org
164,"Campos, Davis and Berry",Sandra Cooper,"5684 Melissa Springs
Lake Jennifer, PR 91692",(693)758-3649,mpennington@example.org
165,"Rodriguez, Wright and Booker",Dennis Moore,"45045 Simon Stravenue
Hudsonchester, PA 18683",690.902.2931x84395,julie06@example.org
166,Wolfe-Ward,Jacqueline Sandoval,"60329 Farmer Islands
Mirandashire, SC 07759",912.797.3723x9708,smithmichael@example.net
167,Stevenson-Hernandez,Douglas Parrish,"937 William Mountain Suite 023
North Tracy, AS 88310",(765)253-7371,matthew01@example.com
168,Crosby Ltd,Michael Day,"4045 Jason Route Suite 619
North Brittney, MH 87121",417-928-5426,fhayes@example.org
169,Stone LLC,Karen Meadows,"60354 Molly Locks
Angelaborough, KS 54570",(934)325-7635x658,codyhicks@example.org
170,Miranda LLC,Timothy Peterson,"67074 Murphy Crescent
Guzmanborough, VA 09755",001-663-571-5056x306,mcgrathdanielle@example.com
171,Perez-Greene,Mariah Cook,"16862 Joseph Lock Suite 188
New Katelynstad, NV 33822",254-464-2707x6764,rebeccacontreras@example.com
172,"Rivera, Harris and Cook",John Mccoy,"5003 Samantha Vista Suite 070
Ericmouth, AK 15616",(655)217-8925x7218,rhondahernandez@example.com
173,Baker Inc,John Carrillo,"2753 Heather Plains
West Sarahville, WY 70720",765.271.7002,wandabrown@example.com
174,"Conner, Rodriguez and Pruitt",Mrs. Julia Chandler,"PSC 7187, Box 2744
APO AA 43520",001-886-346-4123,timothy21@example.org
175,Baxter-Allison,Mrs. Katie Gonzalez,"5211 Tracey Motorway Suite 462
Jonesbury, OK 65586",001-648-752-0219x861,xholloway@example.org
176,Lopez-Burnett,Jesse Fernandez,"616 Willie Turnpike Apt. 813
South Susan, AK 72593",001-305-621-5730x02337,alfred01@example.com
177,"Rhodes, Burke and Campbell",Mary Schwartz,"66144 Lewis Stream Suite 305
South Gregorystad, DE 75606",255-727-1913x1837,davismargaret@example.org
178,Torres-Kennedy,Kelly Thompson,"6998 Lee Expressway Apt. 181
Mariastad, NY 11174",307-615-2806x184,andrew53@example.org
179,"Larson, Taylor and Edwards",Samantha Cardenas,"51054 Jennifer Islands Suite 287
Howardshire, MS 43913",466-691-1211,princecaleb@example.org
180,Patrick Group,Alexandra Hood,"47117 Evelyn Point Apt. 128
Brianview, FL 67704",920.889.9855x32507,lindsey27@example.com
181,Graham-Perez,Maria Nelson,"Unit 7680 Box 4017
DPO AA 72319",(579)363-4431x20417,nicole06@example.com
182,"Erickson, Haney and Richardson",Gloria Foster,"9347 Freeman Lodge Apt. 568
Griffintown, LA 40409",001-451-209-1885x1295,glen03@example.org
183,Duncan PLC,Emma Key,"9071 Perez Island
West Jonathan, AL 63959",366-960-4880x36357,martinezpreston@example.com
184,"Simmons, Howard and Miller",Kyle Trevino,"215 Jacqueline Valleys Apt. 030
South Jordanborough, KS 04097",(267)230-4248x0653,ofisher@example.net
185,Munoz Inc,Michelle Singleton,"30952 Robert Fork Apt. 346
West Ryan, MO 37697",709.345.7508,ashley61@example.org
186,Hill-Allison,Gina Clarke,"PSC 2951, Box 7796
APO AE 28348",+1-893-964-4034x39933,christopherhardy@example.org
187,Ellis PLC,Becky Perez DDS,"23069 Alyssa Skyway Apt. 872
Nealbury, MH 06840",4877083523,daniel62@example.org
188,"Moreno, Rangel and Hudson",Jennifer Hernandez,"045 Emily Field
Josephbury, MI 84404",001-930-667-4133,dianarivera@example.net
189,Oliver-Thompson,Melissa Hendrix,"679 Munoz Brooks Suite 249
West Bryceside, RI 61411",731.982.1184x15689,robertcolon@example.org
190,"Ramirez, Miller and Owens",Brandi Anderson,"PSC 7071, Box 0946
APO AP 91281",001-871-201-5484x1062,laura72@example.org
191,"Johnson, Clark and Clark",Robert Wilkins,"USNS Russell
FPO AP 46375",(239)460-7586x208,jessica05@example.net
192,"Lee, Anderson and Marshall",Melinda Brown,"3661 Sherri Meadows Suite 959
East Ruth, PA 96525",+1-644-415-6567x55290,murrayalyssa@example.org
193,Martin-Reyes,Jeffrey Becker,"0700 Betty Islands Suite 616
Dianatown, AL 04730",(631)859-5100,michael49@example.org
194,Chan LLC,Wanda Fisher,"14581 Barnett Brooks Apt. 424
Stephensonview, MA 66326",(504)409-5566x1183,zfoster@example.com
195,Dawson-Johnson,Brooke Morales,"0620 Megan Skyway Apt. 297
Hardyborough, FL 25347",+1-849-292-9433x21094,combsamy@example.org
196,"Ramsey, Brown and Thompson",Sharon Jackson,"00065 Barrera Plains Apt. 344
North Miguel, NJ 31926",(930)391-6400,smithnathan@example.net
197,Schwartz Ltd,Dr. Justin Davenport,"01829 Brittany Cape Apt. 265
Thomashaven, LA 04212",770.603.8267x00185,ryangreen@example.com
198,Brooks-Lewis,Elizabeth Carpenter,"42793 Felicia Court Apt. 520
Scottmouth, GA 15954",001-671-669-3367x452,weissglenn@example.org
199,Davis-Mills,Christine Jensen,"4516 Murphy Spurs
Lake Cynthia, MI 08198",252.399.4003x0652,erinjohnson@example.net
200,"Mckenzie, Taylor and Gibson",Bradley Wade,"2004 Samantha Via
North Dylanchester, VI 11224",001-610-545-4275x23993,nataliehammond@example.net
201,Reyes Group,Paul Graham,"8533 Estrada Plains
Rodriguezfort, MI 86921",+1-849-373-1521x89968,jessica30@example.net
202,"Whitehead, Cook and Baker",Aaron Henry,"10273 Megan Rest
Singhbury, AZ 67641",001-201-586-0225x63430,courtney35@example.org
203,Gardner-Hicks,Evan Green,"513 Mendez Wall
Lake Angela, KS 84320",(548)939-1933x636,william55@example.com
204,"Clark, Rodriguez and Bates",Michelle Wood,"1999 Robertson Lane Suite 845
Port Katie, OR 74979",9154830107,pamela31@example.com
205,Kent Inc,Carrie Newman,"920 Mueller Dam Apt. 231
South Tinaberg, NM 64710",+1-206-256-9590x7053,ericguzman@example.org
206,Edwards LLC,Kevin Jensen,"81409 Dean Knoll Suite 516
Lake Marymouth, NE 52604",576.659.4658,brownjay@example.org
207,Mccarthy-Gonzales,Candace Guerra,"86514 Zimmerman Way
Lindseystad, IN 12039",4246459451,rodriguezbridget@example.com
208,"Roberson, Brown and Potter",Courtney Koch,"127 Curry Drives
South Brittneyview, NJ 15456",+1-308-854-6425x7143,jeremiahhoover@example.net
209,Jackson LLC,Jerome Flores,"9906 Herrera Hollow
Anthonyfurt, LA 49700",713-366-0358x758,ttaylor@example.org
210,"Smith, Knox and Berg",Stephanie Baker,"695 Howell Square
North Sherimouth, MN 77335",882.856.0882x565,briana83@example.org
211,Munoz Inc,Laura Miller,"15840 Jesse Viaduct
Lake Rebeccashire, PR 69814",(420)373-3175x21553,hessjeremy@example.org
212,Hines-Murray,Adam Davenport,"30809 Allen Hollow
Taylorstad, WA 53677",(204)935-2986,parnold@example.com
213,Walton-Payne,Billy Alvarez,"93283 Patricia River Apt. 662
Jasonburgh, SC 29596",(812)986-5755x597,grace19@example.net
214,"Brown, Henry and Norton",Tiffany Dyer,"020 Justin Station Suite 031
Courtneyberg, UT 75202",(645)342-4092x302,jessicawright@example.com
215,Vaughan Group,Jason Ochoa,"58102 Fuller Unions
South Andrew, CA 20451",(287)893-2505x5412,ana39@example.org
216,Cordova-Carpenter,William Bennett,"26261 Brianna Trail Apt. 339
Richardtown, KY 98787",972-539-8723,crystalmelendez@example.org
217,"Crawford, Rose and Warren",Bruce Harris,"40778 West Hollow
Lake Amy, TX 94876",(534)466-6089,turnerdarlene@example.net
218,Fernandez Group,Robert Jones,"86296 James Roads Suite 511
East Jaclyn, CA 24841",+1-719-360-5551x44958,vaughansarah@example.com
219,"White, Webb and Hall",John Drake,"03898 Christopher Loaf Apt. 744
New Sarahmouth, NJ 30975",001-419-505-6137x379,hjohnson@example.com
220,Williamson Ltd,Stephen Thompson,"PSC 6458, Box 5307
APO AA 63121",301-288-2751x9505,hporter@example.org
221,Hernandez LLC,Terri Gonzalez,"8871 Nicole Run
Port Peter, NM 77760",836.741.4793x57974,velasquezemily@example.org
222,"Rice, Landry and Jefferson",Jennifer Curtis,"95080 Kristen Viaduct Suite 617
Knappfort, AR 56651",+1-405-392-8434x078,hughesholly@example.net
223,Smith Ltd,Vernon Wilson,"4615 Brooks Mountain Suite 755
South Stephaniebury, VA 16323",+1-312-891-0840x32052,jared15@example.com
224,Pollard PLC,Tara Lucas,"9608 Garcia Rapids
Jenniferburgh, ME 07877",+1-276-708-1217x85642,paulpham@example.net
225,Payne-Huber,Sheena Stewart,"7307 Ashley Station
Port Josephport, MP 33166",932.989.8481,laura53@example.net
226,"Sims, Brewer and Leon",Tara Williams,"7731 Michael Plains
Danielsshire, NJ 39286",(312)968-0329,ramirezjean@example.net
227,"Ramirez, Richardson and Miller",Joseph Figueroa,"62487 Meyer Path Suite 536
Ashleyville, WY 52998",893-354-7028,adam30@example.net
228,Gordon and Sons,Margaret Randall,"766 Silva Courts Suite 530
Martinezton, AZ 09079",206.791.3750x954,nicholasclark@example.net
229,"Hickman, Abbott and Cruz",Christopher Stone,"047 Hines Brook
Thompsonberg, MI 08734",329.470.4263x525,kim71@example.com
230,Baker Ltd,Crystal Gray,"58395 Gallagher Trail
Berryberg, NC 73427",+1-694-991-5788,haley04@example.net
231,"Bennett, Perez and Gonzalez",Lisa Wood,"9975 Kirk Isle Apt. 295
Turnerfort, ID 75956",001-390-605-9707x41767,sboyd@example.com
232,Robertson-Delgado,Daniel Cruz,"010 Robert Stravenue Apt. 282
North Jeanette, AL 98249",(542)385-1995x0299,shawnmartinez@example.org
233,Hess and Sons,Gary Mitchell,"2055 Mcguire Ferry
Jimenezchester, IN 82953",628-945-3881x0119,howellkenneth@example.org
234,Stewart-Freeman,Sabrina Dixon,"4336 Veronica Way
Lake Tammychester, MS 26993",356.671.0728,debramcmillan@example.net
235,Shelton Ltd,Darin Valenzuela,"2501 Stephanie Villages Apt. 528
West Caleb, RI 69263",464.216.6641x208,evansjoseph@example.net
236,Rubio-Mcdonald,Samuel Rivera,"5801 Jonathan Turnpike
Allisonbury, VA 67165",+1-232-976-8579x90322,qperez@example.com
237,Perkins-Barnes,Diane Morales,"9809 Johnston Bridge Suite 050
Gutierrezburgh, MT 68875",+1-211-680-3682x2668,millermichelle@example.com
238,Barnes-Miller,Andrew Allen,"69826 Jennifer Square Apt. 952
Ronaldmouth, AL 52657",+1-880-664-8062,kayla72@example.net
239,Ingram-Robinson,Kenneth Burnett,"5274 Brenda Viaduct
Sarahchester, OR 97453",(302)476-3846x006,ichapman@example.com
240,Brewer-Park,Sarah Grant,"334 Porter Stream
West Rebecca, WY 83742",756-956-7794x243,dwilson@example.com
241,Vasquez PLC,Jacob Mills,"0643 Manuel Station Apt. 148
Michellefurt, IL 65659",(936)980-2290,donald75@example.com
242,Santos PLC,Keith Campbell,"089 Lopez Parks
New Katrinahaven, VT 05259",963.416.1246x561,dnash@example.net
243,Payne-Norman,Yolanda Clark,"01734 Preston Parkway
Cynthiaside, NV 33090",5915518354,arnoldalexandria@example.net
244,"Herrera, Burgess and Miller",Paul Krause,"06639 Owens Pike Suite 093
Victorchester, PW 73870",+1-506-927-8317x422,cindyadams@example.org
245,"Johnson, Welch and Vargas",Laura Kline,"818 Carpenter Island Apt. 442
South Dennisland, MT 19269",5573024349,cynthia79@example.net
246,Carlson and Sons,Jodi Gonzalez,"98702 Barton Field Apt. 270
Bakerborough, TN 65733",001-582-910-5324x085,kennethyork@example.com
247,"Johnson, Camacho and Chapman",William Nichols,"189 Theresa Well Suite 615
West Annaside, IN 89624",209.772.3749x9632,npalmer@example.net
248,Anderson-Carrillo,Kristen Hamilton,"1388 Pugh Island Suite 524
Browntown, MN 09028",+1-203-461-0358x2634,elizabeth91@example.com
249,"Guerrero, Morgan and Price",Evan Clark,"654 Sonya Mountains
Mejiamouth, NM 69016",546.726.8629,william06@example.org
250,"Allen, Snow and Charles",Nicole Allen,"8377 Leslie Garden Suite 372
Reesemouth, AR 87265",+1-297-588-7939x26274,ymyers@example.net
251,Dunn-Camacho,Mary Wiggins,"Unit 3557 Box 2816
DPO AA 96084",(527)988-7243x93312,ywatts@example.net
252,Johnson and Sons,Kelly Lewis,"220 Joshua Squares Apt. 323
New Tina, IL 33661",916-488-0540x211,klarson@example.org
253,Wolf Inc,Erica Brewer,"9879 Tiffany Light
Snowview, MO 04262",894-632-2135,pbuck@example.org
254,Thompson-Bishop,Mark Harris,"76311 Jessica Stravenue Suite 713
West Kelli, PW 18034",556.335.7920x86906,samuel68@example.com
255,Mills-Oneal,Jamie Giles,"828 Andrew Rapid Apt. 227
New Robinhaven, ID 14606",384.996.1874,roberto15@example.org
256,Cox-West,Bobby Webb,"0341 Nancy Turnpike Suite 156
South Kimberly, LA 23981",+1-860-584-3565,suarezronald@example.org
257,Lewis and Sons,Paul Bowman,"Unit 2881 Box 7227
DPO AE 65993",(852)223-5459,vcarroll@example.org
258,Jackson LLC,Mallory Pena,"8959 Pham Forks
Smithland, SD 76937",(200)820-8387x02878,xrobinson@example.com
259,Cooper-Hill,Christopher Hughes,"052 Andrew Burgs Apt. 860
Tamiland, VT 63242",+1-268-265-5127x4236,smccullough@example.com
260,Parker LLC,Beth Wilson,"39917 Smith Coves Suite 252
Lake Christy, CO 26969",940.763.9562x120,flee@example.org
261,Scott and Sons,Paula Black,"10624 Hannah Alley
Nicoletown, TN 67662",311-547-1201,yjoyce@example.com
262,Smith Ltd,Michael Huerta,"8124 Thompson Path Suite 106
Lake Deanna, FM 20073",+1-777-913-7365x72627,webbmichael@example.org
263,"Walsh, Johnson and Gardner",Katie Gonzalez,"29908 Kelsey Expressway
West Jonathan, UT 94533",208.654.7216,smann@example.org
264,"Bell, Mooney and Gardner",Bradley Schultz,"8029 Michael Ramp Suite 037
South Cathyport, OR 65462",+1-369-845-9669x780,boylenancy@example.com
265,"Perez, Anderson and Foster",Courtney Lee,"25705 Wheeler Ports
Davidview, KS 57368",933.637.8726x55110,moralesmonique@example.org
266,Bell-Alvarez,Stephanie May,"05475 Nathaniel Flats Suite 067
Cherylland, CT 50091",787.602.2286x662,fitzpatrickluis@example.com
267,Farrell Inc,Alexander Ryan,"1196 Mike Viaduct
Ronaldfurt, RI 12242",985.770.2071,smithstephen@example.org
268,Tucker-Cherry,Frank Riddle,"3308 Eric Turnpike
Josephshire, NC 63705",534.865.8272x9018,earmstrong@example.org
269,May-Atkins,David Anderson,"82804 Cole Lake
Tiffanyland, KY 40479",304-594-8353x13660,samantharice@example.net
270,Sullivan-Cruz,Amanda Harvey,"1918 Matthew Plaza
Lake Williammouth, IN 20007",(749)659-2550x6450,holmestammy@example.com
271,Miller and Sons,Alexander Fowler,"806 Cooley Course Suite 104
Port Robert, OR 26715",+1-694-304-7043x184,zhenry@example.net
272,"Franklin, Vaughan and Weaver",Karen Bennett,"Unit 3892 Box 3397
DPO AP 64967",906.265.9696x76896,crystal43@example.org
273,"Davies, Davis and Wilkins",Zachary Chapman,"240 Bell Hills
Brittanyton, WV 33041",230-743-1615,bryan63@example.net
274,Hill LLC,Melissa Wilson,"19800 Edward Path Apt. 218
Matthewborough, DC 47656",454.341.8121x96770,roger92@example.com
275,"Ward, Abbott and White",Benjamin Lyons,"79961 Nathan Trail
Pachecoside, SD 96161",408.633.0635x38140,michaelgrant@example.org
276,"Ellis, Rodriguez and Jones",Cynthia Lin,"8124 Anna Lock
West Kelsey, KY 65439",658.452.2854x664,griffithjeffrey@example.org
277,Wilson Inc,Lauren Silva,"396 Paige Cliff Apt. 897
South Matthewstad, ND 76639",380.270.8621x4288,ochoameghan@example.com
278,Aguilar PLC,Andrew Shepherd,"89141 Colleen Flat Suite 447
New Rachel, CO 40543",629.848.9678x8959,marcusmoore@example.org
279,Scott Ltd,Lori Stokes,"9666 Jennifer Highway
Victoriastad, FM 65767",(366)489-5032,cynthiawilliams@example.com
280,Dickerson-Marshall,Debra Harding,"149 Harding Trace Apt. 737
Maryfurt, WY 89023",001-543-946-6500x247,shawnwarren@example.org
281,Pierce-Berg,Mr. Robert Clarke,"PSC 2870, Box 6141
APO AA 93800",680-856-6113x53767,james30@example.net
282,Cook Inc,Samantha Rodgers,"6703 Franklin Well
Barbarahaven, FL 06468",+1-931-281-7769x0367,owilkins@example.com
283,Bates-Lewis,Selena Parker,"17527 Edward Alley Apt. 473
Maxwellmouth, MA 32192",+1-207-732-4105x0448,duranguy@example.com
284,"Jackson, Joseph and Martinez",Zachary Boyd,"272 Todd Brooks Suite 699
Robinsonport, LA 29786",925-376-8510x6763,emily87@example.com
285,Adams-Jimenez,Jason Herrera,"587 Danielle Harbors Apt. 192
Lake Autumnstad, GA 43847",975.496.3846x31085,kmoyer@example.net
286,"Wood, Cole and Riddle",Melissa Morris,"164 Adam Club Apt. 848
Samuelmouth, CT 81877",001-776-380-6949x5051,paulalam@example.com
287,Gordon-Beltran,James Williams,"92629 Joshua Trafficway Suite 618
Leonardshire, ND 87224",(862)677-8527,donna90@example.net
288,Hopkins-Warren,Maria Sandoval,"0891 Pace Walk
Davidside, MN 44210",001-450-961-0347x267,patricia54@example.net
289,"Calderon, Clay and Ramirez",Tracy Phillips,"Unit 0319 Box 6596
DPO AP 31957",(818)931-6601x79253,willisangela@example.com
290,Lee-Mcdowell,Alexis Barrett,"5012 Michael Drives Apt. 308
Mollymouth, OH 97738",(640)723-6408,maxwell76@example.com
291,Fowler-Andersen,Perry Moreno,"93686 Leonard Mountains Apt. 812
Wesleyberg, AR 99076",(987)940-4578x27950,cindyle@example.net
292,Nichols PLC,Tyler Gallagher,"6834 Murray Mountain Apt. 771
Port Brianfort, MI 98618",822.493.5445x20952,xhuffman@example.org
293,Thomas-Singleton,Linda Myers,"63548 Kathryn Harbor Apt. 149
Thomasmouth, MN 42009",001-448-949-4584x7155,heather44@example.com
294,"Young, Adams and Aguilar",Sean Barber,"368 Brenda Walk
New Pedroshire, NM 70178",321-782-6452,janethuynh@example.org
295,"Villa, Russell and Giles",Caitlin Bryant,"20917 Edwards Brook Apt. 857
Port Brandymouth, NJ 80004",757.336.9596x909,melanie14@example.net
296,Lee PLC,Jody Hubbard,"074 Kevin Trail
Parksburgh, MH 51862",254.757.2148x6775,patriciafry@example.com
297,"Schwartz, Archer and Peterson",Jason Quinn MD,"044 Butler Points
North Brian, NM 41813",001-939-260-2792,qbuck@example.org
298,Barnett-Hart,John Taylor,"42851 Tracie Track Apt. 570
East Colleenmouth, AS 57070",677-204-7932,shannonwilliams@example.net
299,Davis Group,Mr. Patrick Savage,"30662 Perez Landing
Lake Andreaborough, AZ 03430",674.831.6005x100,parksmichelle@example.com
300,"Thomas, Boyer and Hayes",Patricia Jenkins,"601 Navarro Curve Apt. 675
New Jasmineshire, NM 26810",9758565933,santiagowarren@example.net
301,Sullivan LLC,Terry Bennett,"5061 Maria Cape Apt. 406
Billytown, NM 40032",(869)859-0513x70269,uadams@example.org
302,Martinez PLC,Lori Warner,"240 Peterson Trail Suite 669
Nicolestad, NY 52276",(454)418-5772,ssullivan@example.org
303,Sexton Ltd,Jessica Yates,"7566 Gardner Crescent
Benderport, GU 35199",5506249554,justin77@example.net
304,King-Dickerson,Aaron Payne,"2739 Stacey Green
Justinside, UT 13838",001-647-582-7356x77537,brianwood@example.com
305,"Brown, Zamora and Pierce",Melissa Terry,"74313 Robinson Manors Apt. 952
Sarahchester, NE 99115",(441)681-9992x6565,raymondhenry@example.net
306,Pruitt LLC,Joshua Nash,"USCGC Alvarez
FPO AP 53916",662.472.5418x805,robinsonbrian@example.net
307,"Stokes, Martin and Morales",Justin Watson,"4802 Lloyd Island Suite 992
West Jamesburgh, UT 04993",865.855.3831x9900,hammondmikayla@example.com
308,Shaw PLC,Joanna Shepherd,"11367 Melissa Greens Suite 116
West Randy, GA 01846",765.835.9543x991,danielbenjamin@example.org
309,Chavez-Garcia,Joel Middleton,"60424 John Field Apt. 201
Peggyside, OK 57485",6386883067,carlsonjessica@example.org
310,Macdonald LLC,Laura Lowery,"09487 Hudson Knoll Suite 605
Johnsonbury, MT 85171",2908915760,mortonjorge@example.net
311,"Black, Glover and Mcmillan",Jimmy Bradford,"3759 Monroe Shoal Apt. 302
Knightfort, ID 71667",8749044604,cartercrystal@example.com
312,Mccarty-Herrera,Samuel Nguyen,"Unit 7702 Box 5908
DPO AA 38016",5378498673,ytorres@example.org
313,"Ali, Johnson and Smith",Sean Hill,"84129 Todd Viaduct Apt. 958
South Christopherhaven, MN 24496",802-897-0605,stewartjesse@example.net
314,Wilkins LLC,Lisa Merritt,"228 Chad Roads Apt. 193
Diazshire, MH 67677",617.435.5733,karenbrown@example.com
315,"Rogers, Lawson and Garrett",Diane Murray DVM,"370 Lopez Point Apt. 542
Lake Mark, GA 95407",(624)884-9363,tammy35@example.com
316,Silva Inc,Robert Smith,"286 Jason Ridges Suite 020
Lake Robert, ND 54401",001-833-212-6536,davidsilva@example.org
317,Holt PLC,Jill Taylor,"270 Crane Groves Apt. 621
Smithborough, DE 79356",001-887-781-3254x521,mejiamary@example.org
318,Orr-Nixon,Blake Stewart,"1195 Steven Mall Apt. 981
South Amandaside, WA 71748",+1-601-797-8591x328,andregibson@example.com
319,Cunningham LLC,Jose Johnston,"5954 Foley Highway
Port Jeffrey, UT 74039",+1-829-723-7749,scottcook@example.com
320,Wagner-Thompson,Frederick Turner,"8095 Jessica Row Suite 312
West Thomasside, MO 59263",(462)755-9189,boyletrevor@example.com
321,Frazier-Todd,Steven Jenkins,"537 Parker Center Apt. 438
North Michelle, CA 65204",468.552.6954x55850,roger62@example.net
322,"Mccoy, Romero and Rosales",Stephen Aguirre,"36642 Thomas Glens
New Mitchellstad, AL 46067",383-927-5161x55117,timothy56@example.net
323,Wong-Hanna,Denise Chaney,"4676 Tony Wells Suite 817
Port Juliantown, KY 57834",001-796-787-3547,jacob35@example.com
324,Reid-Harris,Derek Berry,"416 Cindy Parkways
Jeffreybury, DC 62106",(393)511-4214x71093,torresjohn@example.net
325,Cohen Group,Andrea Reynolds,"877 Jones Turnpike
South Ronald, VT 42409",(725)311-1914x18893,lauramoses@example.org
326,Cervantes-Johnson,Maureen Wright,"Unit 4773 Box 9389
DPO AP 68655",+1-490-907-3476,christopher06@example.net
327,Donaldson-Martin,Matthew Thompson,"83830 Marshall Mill Apt. 047
East Spencerfort, NM 69577",(972)558-8913,ralph13@example.net
328,"Branch, Mcintyre and Jones",Caitlin Williams,"USNS Rogers
FPO AE 29989",989.617.2370x0298,thomasnguyen@example.org
329,Rice Ltd,Michael Sanders,"23046 Hoffman Mill
North Lauren, VI 64575",001-465-706-4695x9126,julie86@example.com
330,Taylor-Jimenez,Duane Rhodes,"63210 Devin Forges
Kathrynfort, WY 07110",001-733-641-2315x4551,roblesmichelle@example.net
331,"Sparks, Brown and Thomas",Ricardo Collins,"9193 Rollins Islands Apt. 430
Port Cynthiaton, WI 12838",741-237-6176x157,colemandawn@example.org
332,Richard Ltd,Jeffrey Phillips,"099 Morris Glens Apt. 239
Lake Calebport, NC 24763",469-976-0422,aduarte@example.org
333,Fernandez-Wilkerson,Brian Delacruz,"022 Susan Estates Suite 373
Crawfordburgh, SC 24749",(486)329-1611x6308,becky11@example.net
334,Hernandez and Sons,Eric Wheeler,"833 Robinson Corner Apt. 014
Kimberlyville, SC 43823",001-217-999-5207x90714,jgarcia@example.com
335,"Mccoy, Fuller and Carter",Nicholas Zhang,"9266 Taylor River Suite 335
Joneshaven, SD 21859",205-403-7688,dave44@example.org
336,Johnson Ltd,Deborah Kirby,"963 Weeks Avenue
Cynthiaton, DE 92828",001-895-577-5466x6063,jonesdestiny@example.com
337,Long LLC,Brian Quinn,"PSC 2397, Box 8473
APO AE 75905",2307448633,michaela03@example.org
338,Payne-Foster,Lisa Ramsey,"159 Robinson Center Apt. 037
Lunaborough, IA 80898",820.963.5769,leejoshua@example.net
339,Adams-Rios,Alicia Williams,"10559 Gilbert Shoals
Murphymouth, CO 90882",322-574-1020x0854,matthew97@example.org
340,Golden-Walker,April Mack,"68938 Long Flat
Adamshire, PR 54868",+1-641-317-2490x5757,daniellecarlson@example.org
341,Evans-Mejia,Jeffrey Johnson,"52912 Flores Cove Apt. 226
North Debraview, TX 30642",+1-762-885-1638x5136,allensandra@example.org
342,Allen PLC,Rachel Little,"211 Jenny Fort Suite 368
Port Matthewton, MA 71528",797.961.2891x7223,mcastro@example.com
343,King Ltd,James Clark,"81531 Eduardo Locks Apt. 918
East Meghan, NJ 49303",001-442-577-1514x215,leelauren@example.net
344,"Cole, Adams and Sanders",Meghan Ryan,"88878 Daniel Parkway Apt. 057
South Spencer, OR 70461",(653)748-2388x1196,sweaver@example.com
345,Harrington Ltd,Ann Taylor,"84404 Smith Roads
West Jamiechester, CA 22137",(887)776-4916x8779,adamsmith@example.com
346,Harris-Perkins,Shirley Lewis,"4589 Tracy Row
South Andrewmouth, NM 03203",001-329-606-1233,emilyyoung@example.org
347,Flores-Miles,Daniel Ali,"88860 Nicholas Dale
Stephenland, OH 96504",245.735.4313x390,jerryriley@example.org
348,Cruz-Lopez,Joe Thompson,"5620 Jordan Alley
Mollyshire, AK 57022",001-855-876-1270x32953,charlotte31@example.net
349,"Adams, Woodard and Thomas",David Sanders,"236 Evans Key Apt. 351
Lindseymouth, KY 65147",648.959.4568x603,westrada@example.org
350,Everett-Roberts,Jack Smith,"6267 James Islands Apt. 362
Estesfort, FL 50136",6187127717,jenkinsbriana@example.com
351,Noble-Taylor,Christopher Moore,"51807 Brittany View Apt. 817
Sharonburgh, AL 43603",652.449.7801x31949,bbrown@example.org
352,Hensley LLC,Jillian Nelson,"21829 Paul Track Apt. 058
East Jasonborough, MD 45798",+1-591-203-6237,martinezbrandy@example.com
353,Chambers-Kelley,Michael Boone,"96907 Young Brook
West Patty, WY 40587",318-911-9333,qhicks@example.com
354,"Price, Brown and Byrd",Mallory Luna,"290 Wagner Place
Butlerland, VA 42261",(888)590-7182,martinezthomas@example.org
355,Edwards Inc,Karen Bennett,"73042 Marcus Views Apt. 295
Millerburgh, KS 31399",435-499-7921x94984,yclements@example.org
356,Warren Ltd,Jacqueline Carrillo,"5533 Martinez Viaduct
Sharontown, FL 03283",(850)779-4529,donna72@example.com
357,Hansen Group,Brittany Boyle,"230 Hunt Groves
Hunterburgh, VT 50753",001-838-411-2643x24676,madison48@example.org
358,"Green, Serrano and Carlson",Brianna Mayer,"5908 Kelly Track Apt. 591
West Vickieside, GU 07783",+1-992-627-5317x7088,wendywise@example.net
359,Mclean Group,Angela Martinez,"44537 Sara Mountain Suite 573
Port Patricia, CA 91101",+1-848-846-8857x666,jenniferwilkins@example.org
360,"Lee, Mccullough and Adams",Maria Coffey,"825 Mindy Mountain Apt. 213
South Patrick, MH 98040",+1-436-438-1839x25197,qbrown@example.org
361,Ramirez-Glover,Michael Sanchez PhD,"04182 David Shoals
North Michaelhaven, NH 48691",+1-644-526-8324x48082,eavery@example.com
362,"Rivera, Vasquez and Wong",Erica Wilson,"966 George Ridge
North Lori, MO 02291",436-307-2639x62694,morriskimberly@example.org
363,Saunders-Miller,Michael Benson,"Unit 1935 Box 1572
DPO AP 72262",733-277-3848x5597,christopherbaker@example.net
364,Hernandez Group,Richard Brown,"8911 Gregory Villages Suite 698
Antoniofurt, AK 07134",703.614.7303,colealexander@example.net
365,"Burns, Becker and Hernandez",Suzanne Wheeler,"1489 Kristin Gateway
South Christinebury, SD 87112",001-930-391-6747,wilsonerika@example.com
366,Campbell-Campbell,Justin Anderson,"263 Reyes Alley
West Anthonymouth, NE 94039",+1-588-509-0104,leerobert@example.net
367,Ryan Inc,Melissa Moore,"865 Sherman Shoal
Billyview, KS 21329",359.800.9975,jenna06@example.net
368,Yang-Wilson,James Leblanc,"3355 Brown Ramp Apt. 060
Nicholasmouth, AS 38934",001-401-757-5633x543,michael64@example.net
369,"Li, Gordon and Moreno",Helen Pham,"32704 Rose Wall Suite 144
Richardport, HI 77704",266-898-6378x205,elizabeth52@example.org
370,Walker-Pollard,Darryl Obrien,"958 Andrea Extension Suite 191
Lake Amy, MN 43983",+1-797-271-4874x0056,hannahaguilar@example.org
371,"Alexander, Mack and Wilson",Erin Mcbride,"1813 Murphy Fork
Vanessachester, ME 14970",001-715-683-3194x112,kingjames@example.org
372,"Taylor, Carrillo and Rowland",Mitchell Rice,"4783 Perez Gateway Apt. 543
Stevenburgh, HI 40556",001-566-822-9582x1254,tbennett@example.net
373,Espinoza-Murray,Taylor Dawson,"954 Callahan Path Apt. 190
South Seanland, NV 14966",461-429-8940x25778,garciaroberta@example.net
374,Baker-Sanchez,Louis Robinson,"22327 Wanda Streets Apt. 162
Smithbury, KS 78327",+1-995-373-5259x7120,emily59@example.org
375,Hill PLC,Kimberly Hernandez,"821 Julie Shoals Suite 281
Janeside, DE 37472",220.536.1174x380,phernandez@example.net
376,"Blair, Anderson and Anderson",Abigail Reed,"216 Sue Island
South Crystal, CA 79914",9152853886,heatherhughes@example.net
377,Salazar-Jones,Joshua Giles,"707 Nicole Rapids Apt. 706
East Heathermouth, AZ 10243",+1-280-585-4713,wpeters@example.org
378,"Oconnor, Murphy and Douglas",Rebecca Hamilton,"07454 Gonzalez Squares Suite 243
New Bernardside, OR 04629",+1-522-841-0094,derrickbrown@example.net
379,"Price, Reeves and Mejia",Matthew Dudley,"2184 Sanchez Parkways
Powersburgh, MI 77670",214.813.5781,adiaz@example.com
380,"Carroll, Martin and Pearson",Amy Reed,"22574 Powell River Suite 958
Nashside, SC 99151",+1-592-796-1011x383,kathryn63@example.net
381,"Greene, Harrison and Mosley",Nathan Koch,"2006 Miller Fall Apt. 670
Shirleychester, DC 60839",+1-314-781-0657x47496,baileyandrew@example.com
382,"Garcia, Miller and Garrett",Jennifer Roach,"321 Murray Crescent Suite 210
South Nicholasbury, SD 10157",7646768995,andrewmartinez@example.net
383,"Mueller, Davis and Carpenter",Nicole Bentley,"1387 Sheila Ports Apt. 749
Antoniomouth, WV 57026",001-969-651-5728,nataliebenson@example.org
384,Jackson Ltd,Justin Cunningham,"760 Atkins Village
East Ryanmouth, TX 56858",9058143592,lopezdarrell@example.net
385,Robinson-Hernandez,Susan Mann,"1889 Mike Cape Apt. 941
New Teresachester, AL 41787",731.502.7423x1379,mendozajason@example.com
386,Murphy-Anderson,Rodney Coleman,"204 Durham Course
Larsonside, IA 90830",278-791-3080x93571,ianjackson@example.com
387,Ray-Irwin,Donna Adams,"04304 Peterson Underpass Apt. 666
Danaberg, HI 08111",495.554.6732x34759,christopher51@example.org
388,"Vazquez, Campbell and James",Darlene Vazquez,"451 Michael Fork
South Anthony, PR 36125",+1-537-480-9176x1670,gwalker@example.net
389,Hernandez-Adams,Melissa Lewis,"PSC 0927, Box 2625
APO AE 53750",+1-887-657-6395x27840,jacksonbrittney@example.net
390,Rose-Sandoval,Tammy Estes,"USCGC Swanson
FPO AA 95582",8114512822,george40@example.org
391,"Tucker, Oliver and Morales",Kevin Nixon,"445 Hammond Vista Apt. 580
New Kimberly, NY 52790",(227)331-5503x92785,martinezrobert@example.com
392,"Weaver, King and Chavez",Emily Young,"1196 Sabrina Freeway
Williamsmouth, SD 86227",(774)901-7589x9058,othomas@example.org
393,Klein-Potter,Austin Baker,"PSC 9297, Box 0085
APO AA 00552",528-887-3372x214,richardsonelizabeth@example.com
394,Jones and Sons,Ralph Allen,"05921 Gomez Mission Suite 894
Port Josephland, VA 34396",726.261.7187x64803,ldyer@example.net
395,Clements-Myers,Debra Sanchez,"0077 Jessica Fall
Montgomeryfort, NV 46620",(810)252-5683x594,caitlin49@example.com
396,Gibson and Sons,Ian Bailey,"8089 Melissa Villages Suite 001
East Shelby, FM 73591",+1-891-803-8946x232,valerielivingston@example.org
397,"Sanchez, Gray and Webb",Shawn Long,"29931 Jillian Street
Underwoodshire, KS 18227",(710)709-9031x37860,andreathompson@example.net
398,"Mcdonald, Duncan and York",Chelsea Navarro,"5832 Boyle Ville Suite 186
Richardton, ME 32368",(329)570-2605,timothy77@example.org
399,Day-Scott,Matthew Marquez,"31163 Lori Mall
Patelburgh, MA 36427",001-329-297-3067x5903,shawn99@example.org
400,Ibarra LLC,Taylor Berry,"933 Gray Burg
New Jackieshire, RI 99401",927.729.7328x34195,michael15@example.org
401,Sellers-Cook,Kaitlyn Moore,"855 Adam Orchard Suite 786
Brianfurt, KY 15883",+1-322-822-0818x909,bartonangela@example.org
402,"Rodriguez, Brown and Diaz",Jenna Washington,"20975 Jordan Trace
Port Rachelbury, NM 62947",001-264-589-5578,gravesana@example.org
403,Lewis LLC,Chloe Morris,"3337 Shelia Junction Apt. 083
Lake Kristen, PW 49017",001-398-241-1633x56174,cardenasrebecca@example.com
404,Strong-Gross,Angela Miller,"029 Donna Shoals Suite 454
North Jessicastad, GA 82082",+1-940-617-4211x878,mcrosby@example.org
405,Boyd Inc,Elizabeth Sandoval,"745 Nicole Field
Reedville, FL 11621",392.662.0737,lynnemily@example.org
406,Thomas-Jones,Tiffany Campbell,"206 Katie Mews
Michaelchester, AL 82865",+1-619-384-0602x03716,stephenreese@example.org
407,Estrada-Horn,Calvin Fitzgerald,"912 Marcus Tunnel
Wintersshire, VA 27302",3999904539,mcdonaldjessica@example.org
408,Hoover Group,Crystal Poole,"712 Devin Passage
Bakershire, AR 91289",(677)589-2739x8619,maustin@example.net
409,"Huffman, Collins and Robertson",Gabriel Fuentes,"PSC 4346, Box 4081
APO AP 34460",+1-980-500-6818,pricevictor@example.com
410,"Burns, Green and Strickland",Christopher Santiago,"150 Wong Forest
East Jonathanburgh, NJ 43364",596-646-8526,sarah15@example.com
411,Shaw-Gray,James Davidson,"066 Chambers Flats Suite 437
West Toni, AS 67598",(440)369-8413x8694,ncase@example.org
412,Thomas-Marshall,Jasmine Long,"6372 Thompson Trace
East Christopherstad, CA 12903",497-410-5731x258,stevenwood@example.net
413,Miller Group,Jennifer Smith,"84808 Scott Drive Suite 291
Paulchester, VT 54034",+1-560-945-2915x14422,angelajohnson@example.com
414,Martin PLC,Kenneth Rasmussen,"44064 Price Roads Suite 519
West Victoria, MT 92421",677.818.8962x602,fergusonjeffrey@example.net
415,"Thomas, Morales and Flores",Jeffrey Woods,"587 Jonathan Island
Smithfort, AR 06180",344-571-5209,bhess@example.net
416,Horne and Sons,Stanley Sanchez,"5156 Collins Dam Suite 355
Carneyside, MD 65242",5508357746,ojones@example.net
417,"Lopez, Hess and Cruz",Joy Mckay,"462 Thomas Spurs
Johnton, MS 83619",533-528-8212x7716,littletina@example.com
418,Harrison LLC,Brady Foster,"709 Sullivan Street
Chloeborough, PA 01048",646.710.9859,colemanmark@example.org
419,King-Atkins,Ryan White,"69623 Stein Track Suite 583
Matthewmouth, NH 03744",(757)391-2304,bmiller@example.net
420,Carter and Sons,Robert Mathews,"2388 James Forge
East Jennifermouth, PW 01391",694-831-8766x3779,sbrown@example.org
421,"Reed, Jackson and Brown",Daniel Rivers,"26592 Davis Islands
Port Anthony, CA 09168",680-825-2294x009,edgar49@example.org
422,Garcia-Sanchez,Roger Garcia,"7533 Stephanie Corners Suite 252
Madelinechester, MI 96454",436-988-4483,zachary23@example.com
423,Steele Group,Lee Matthews,"03704 Annette Fork
North Ashley, IN 72894",+1-933-978-7375,christopher89@example.com
424,Fisher and Sons,Andrew Williamson,"879 Hunt Courts Apt. 226
Robertfurt, NH 51855",547.606.5131,williammiller@example.net
425,Alvarez-Best,Whitney Bennett,"64812 Kristopher Viaduct Suite 124
Robertborough, IA 19099",(474)310-4384,claytoncarrillo@example.org
426,"Adams, Wright and Galvan",Robert Baker,"64750 Maldonado Key
Katherinemouth, IL 35587",+1-631-891-3524x84524,valdezjames@example.net
427,Warren Inc,Jennifer Browning,"9950 Scott Expressway
Carriefurt, NJ 79602",001-870-891-7001,rgomez@example.com
428,Rodriguez Inc,Ryan Smith MD,"547 Stephen Walk
Tylerport, CA 81677",259-330-4303x2163,adam71@example.org
429,Patel LLC,Jessica Mcpherson,"66416 Jack Brooks Suite 353
Mosleytown, OR 68406",(384)696-0388x34586,michael23@example.com
430,"Abbott, Owens and Huff",Mr. Timothy Holt,"Unit 3938 Box 1140
DPO AA 26688",503.753.6111x29165,rbrown@example.org
431,Hoffman PLC,Theresa Carter,"79461 Mary Inlet Apt. 263
Riverahaven, VA 43923",(412)520-8815x602,baldwinmichelle@example.net
432,"Norris, Ayala and Bowers",Jay Whitney,"9507 Tamara Port Suite 342
Wardfort, AZ 80596",(409)415-7899,michael23@example.com
433,Valenzuela Ltd,Brenda Scott,"7860 Delacruz Spurs
Johnville, NV 32832",950.539.6201,vadams@example.com
434,"Giles, Baldwin and Taylor",Heather Mason,"48918 Smith Street Apt. 672
Port Amyfort, VT 15064",758.895.7613x754,kellyjennifer@example.com
435,West-Guzman,Anthony Price,"5109 Angela Street Suite 719
Thomasville, WV 63021",(898)515-8782x1541,bruce04@example.org
436,Hogan LLC,Miguel Beck,"979 Ayala Point
Lopezhaven, AR 87749",900-546-1535x877,pwalls@example.net
437,Gomez-Gonzales,Maria Harris,"72010 Ortiz Brooks Suite 623
Andersonview, VI 44318",(396)497-2134x5349,cesparza@example.org
438,Farmer-Campbell,Jessica Jenkins,"14097 Robert Neck Apt. 747
South Daveborough, ME 48154",963-364-0657x078,urodriguez@example.net
439,"Murphy, Santana and Chapman",Samuel Luna,"PSC 8588, Box 1305
APO AE 90551",422.603.1311x42154,mtorres@example.net
440,Williams-Jenkins,Johnny Cook,"PSC 0401, Box 6734
APO AA 42798",586-475-7094x2176,sleonard@example.net
441,Wilson-Wagner,Matthew Arnold,"6434 Benjamin Points
Youngfurt, MD 34391",(466)318-6187x142,scottcheyenne@example.com
442,"Patterson, Adams and Day",Derek Morrison,"5392 Adkins Circle
Lisaburgh, PA 11699",276-914-8602x8661,briangarcia@example.net
443,Perez Ltd,Amber Owens,"49102 Lopez Keys Suite 543
New Steven, VT 92084",946.917.4867x72298,patrickadams@example.com
444,Roman-Reese,Kari Bishop DDS,"5493 Smith Locks
North Veronicachester, AS 55039",9529243520,patricia78@example.com
445,Jones-Estes,Robert Stewart,"6639 Jonathan Underpass
Allenmouth, GA 14354",(779)535-2653x7243,miguel03@example.org
446,Decker-Lloyd,Elizabeth Ferguson,"25956 Cynthia Flat
Morganville, VI 40713",+1-944-380-0701,uvang@example.com
447,Gaines-Lawrence,Anna Moss,"156 Smith Path Apt. 520
North Kristin, IA 17294",+1-921-372-8511x0779,johnkrueger@example.org
448,Johnson-Harrington,David Escobar,"726 Stephen Island
New Sean, GA 48016",860.258.7045,daniel52@example.org
449,Bradley-Peters,Jason Buchanan,"3431 Jonathan Cliff Suite 738
Elizabethport, NM 52128",001-598-724-6116x4294,tonya00@example.net
450,Case-Knox,Jeffery Greer,"339 Spencer Fork Suite 222
Vanessabury, SC 26138",(584)226-2172x686,hhawkins@example.net
451,Williams-Contreras,Tanya Schmitt,"07293 Mark Landing Apt. 703
Port Susanfort, IA 16290",942-939-9172,juan28@example.org
452,Parker and Sons,Patricia Young,"36464 Russell Brooks Suite 920
Lake Stephanieland, IL 42151",001-395-447-9394x878,haynesnatalie@example.org
453,"Donaldson, Evans and Adams",Kevin Dean,"3396 Megan Unions
Hollystad, IL 16757",001-605-509-5200x7761,priscilla37@example.org
454,West-Mcintyre,Amber Delgado,"0760 Joshua Course Suite 225
Curtisview, NV 54930",(377)729-6415,nrice@example.com
455,Moody LLC,David Taylor,"460 Elizabeth Springs
Christiantown, IL 86271",9242381207,hjohnson@example.com
456,Perez Inc,Evelyn Riddle,"540 Kyle Row Apt. 047
West Erin, CO 08649",+1-722-900-8048,vickie61@example.org
457,Young-Stone,Daniel Huff,"6383 Robertson Course
Tranburgh, OK 70960",861-924-1092x8037,nmcpherson@example.org
458,Richards-Gray,Alicia Gould,"41960 Davis Skyway
South Jason, MA 65068",001-456-405-3139,ameza@example.com
459,Thomas PLC,Cynthia Hernandez,"860 Donald Walks
New Katiemouth, NM 47632",+1-515-933-6286x4743,michaelhamilton@example.org
460,"Jimenez, Adams and Alvarado",Brent Sanchez,"027 Hood Plains
Mcclureport, ID 43804",+1-481-922-3497x00403,connie16@example.com
461,"Brown, Durham and Welch",Richard Reynolds,"36514 David Brooks
Chapmanfurt, OK 54667",3498026756,jacqueline93@example.org
462,Luna Ltd,Brent Nelson,"60957 Robinson Falls
West Kennethshire, DE 56918",+1-754-337-8079x95430,sandra46@example.org
463,Mann-Hurst,Curtis Obrien,"7474 Kari Shoals Apt. 956
Allisonville, ID 26084",224-246-7333,heatherhouston@example.org
464,"Jenkins, Wilson and Mckenzie",Jordan Singleton,"5152 Hughes Mountains Apt. 775
Jenniferbury, OR 25926",+1-972-205-9806x57547,michael06@example.com
465,"Cervantes, Solomon and Coleman",Elizabeth Torres,"21741 Garcia Islands
Raymondborough, SD 16770",878.687.0318x844,schneideramy@example.com
466,"Anthony, Mason and Jackson",Jeremy Gaines,"179 Trevino Mount
South Kimberlyland, MS 79925",+1-991-608-0001x9686,iburton@example.com
467,Johnson and Sons,Jason Rogers,"80121 Macdonald Mews Apt. 508
Karenville, NE 02454",001-660-283-0696x4047,murphyrhonda@example.net
468,Frey and Sons,Richard Garza,"Unit 7979 Box 4978
DPO AE 74711",(813)303-3340,oscar67@example.com
469,Fischer PLC,Lisa Curtis,"38739 Craig Isle
Port John, ID 28541",712-223-2116,flynnjack@example.net
470,"Trevino, Hanson and Bauer",Kelly Knight,"PSC 2959, Box 0107
APO AP 80928",694-829-0878x2368,ryanjacob@example.org
471,"Moore, Moore and Bonilla",Chris Miller,"101 Rachel Shoal
Boltonfort, AL 25234",537.246.0663x6244,antonio97@example.net
472,Snyder Ltd,Tanner Gonzalez,"Unit 2864 Box 3218
DPO AE 16971",+1-799-716-8506x8218,mariolang@example.net
473,"Vaughan, Gutierrez and Ross",Sabrina Jackson,"788 James Camp Suite 833
North Brittanyport, AZ 49394",(502)360-8812x84678,cynthia42@example.net
474,"Shelton, Carroll and Hull",Theresa Nelson,"849 Robert Lane Suite 729
Karenberg, CO 69596",(876)523-9852,richardhinton@example.com
475,Davis PLC,Mark Williams,"5426 Alvarez Walks
Emilyberg, AZ 91651",001-482-313-1253x01966,xanderson@example.org
476,Howard Ltd,James Taylor,"118 Wilkerson Club
Sarahside, CT 80742",+1-855-595-4322x288,dchen@example.org
477,"Randall, Taylor and Hall",Scott Ramirez,"7958 Myers Stream Apt. 482
Jenniferhaven, GA 67984",+1-820-767-5651x24505,griffinemily@example.com
478,Bauer and Sons,William Davila,"524 Foley Via
Nicholeshire, NC 74399",8386253573,garywoodard@example.net
479,English Ltd,David Morris,"5850 Cory Avenue
New Candiceshire, VT 88255",001-961-371-6225,danielle20@example.org
480,"Taylor, Maldonado and Martinez",Dawn Davis,"73835 Montoya Mountain Apt. 702
Sandraside, IN 68787",989.841.0226,joshua34@example.net
481,Martinez Inc,Michele Dodson,"93982 Michael Valley
Michellemouth, MO 10138",790.850.3811x6021,woodwardmichelle@example.org
482,Jacobson PLC,Lori Cruz,"938 Jeffrey Plains Suite 219
West Olivia, SD 48467",001-840-824-0079x733,oliviawhite@example.com
483,Reynolds PLC,Ashley Holmes,"0066 Shawn Lodge
Amandaview, CT 84975",684.493.9861x4587,caitlynramos@example.com
484,Wolfe Group,Angela Bailey PhD,"USNS Hernandez
FPO AP 12813",507.431.4308,robert94@example.org
485,Hernandez Group,Melissa Snyder,"977 Christopher Mountains Suite 975
Patriciaberg, KY 19468",2984115307,kathleenchapman@example.org
486,"Conway, Holland and Higgins",Catherine Rodriguez,"28270 Bryan Curve Suite 389
Mariochester, RI 06333",+1-981-246-2979x8587,larsonmelissa@example.com
487,Neal-Baker,Timothy Daniels,"PSC 8386, Box 3650
APO AP 77647",(403)816-1692,operez@example.com
488,Lopez-Lopez,Mr. Benjamin Munoz,"12177 Nicholas Shoals Suite 695
North Joseph, MD 88923",001-533-272-5422,denise91@example.net
489,Riley and Sons,Michael Torres,"5220 Terri Stravenue Suite 915
East Elizabethberg, NM 17981",+1-745-420-1251x1770,wblackwell@example.com
490,"Miller, Lee and Jacobs",Anthony Lewis,"280 Leach Ridge Apt. 624
West Frank, WI 50699",001-785-277-3692x762,matthewknight@example.org
491,Norman Inc,Christopher Black,"281 King Shore Suite 967
Lake Elizabethport, PW 34954",+1-243-320-8028x68705,myerslynn@example.com
492,Lopez Inc,Eric David,"24310 Rangel Turnpike
North Juan, IA 90996",907-428-4066x9090,rebecca46@example.org
493,Griffith-Snyder,Christopher Jordan,"3983 Martin Walk Apt. 341
North Juan, AL 44272",840-915-8454,kristen24@example.org
494,"Gonzalez, Graham and Peterson",James Contreras,"902 Jacqueline Field Apt. 364
Mariaburgh, TN 97581",365.838.9420x59449,cody92@example.com
495,Bailey Ltd,Mary Flynn,"1331 Jackson Knolls
Port Kevinside, CT 21572",905.441.9705,shawna21@example.net
496,Brock LLC,Michael Hutchinson,"Unit 9108 Box 5903
DPO AP 03508",3339071792,mary17@example.net
497,"Roth, Williams and Foster",Darrell House,"9453 Holly Station Apt. 590
Davidsonborough, NH 83021",+1-527-260-0252x43779,ppeterson@example.com
498,Smith PLC,Kara Calderon,"8254 Martin Stravenue
Nicholsstad, CA 68888",+1-803-639-9497x83693,joserobertson@example.com
499,Wheeler-Whitney,David Santiago,"660 Richardson Burg
Davidmouth, MO 63340",633-967-8911,oscarcoleman@example.org
500,Nielsen PLC,Timothy Edwards,"2754 Rogers Ferry
New Erikatown, NJ 52824",9396718216,wilsonamanda@example.com
